{
    "name": "RMSE",
    "values": {
        "OLS": [
            4.098143627482148
        ],
        "WLSS": [
            4.3908965122643115
        ]
    }
}