{
    "legend": [
        "RMSE",
        "MAPE"
    ],
    "name": [
        "prophet"
    ],
    "value": [
        {
            "RMSE": [
                4.098143627482148,
                4.3908965122643115
            ],
            "MAPE": [
                4099724257445703.5,
                5540509887526572.0
            ]
        }
    ]
}